row_seq,street_1,street_2,state,city,zip,addid,rating,lon,lat,output_address,geomout,tabblock_id,state_fips,county_fips,tractid
3806, 16TH ST NE ,WEST VIRGINIA AVE NE,DC,WASHINGTON,20002,5,-1,,,"",,,,,
2712, NEW YORK AVE NE ,SOUTH DAKOTA AVE NE,DC,WASHINGTON,20002,7,-1,,,"",,,,,
1053, DIVISION AVE NE ,FOOTE ST NE,DC,WASHINGTON,20019,51,-1,,,"",,,,,
189, ROBINSON PL SE ,JASPER RD SE,DC,WASHINGTON,20020,57,-1,,,"",,,,,
1137, I295 SB ,CHESAPEAKE ST SW,DC,WASHINGTON,20032,60,-1,,,"",,,,,
1230, 16TH ST NW ,K ST NW,DC,WASHINGTON,20036,62,-1,,,"",,,,,
16468, CRAIN HWY ,SUBSTATION RD,MD,Waldorf,20602,68,-1,,,"",,,,,
16366, crain ,Marshall CT,MD,Waldorf,20602,69,-1,,,"",,,,,
16387, Crain HWY ,Mattawoman-Beantown RD,MD,Waldorf,20602,70,-1,,,"",,,,,
11679, SIXES RD ,SIXES RD / HENRY HUTCHINS RD,MD,PRINCE FREDERICK,20678,134,-1,,,"",,,,,
16336, Leonardtown RD ,St. Charles PKY,MD,Waldorf,20602,75,-1,,,"",,,,,
16433, WHITE OAK VILLAGE ,SUBSTATION RD,MD,Waldorf,20602,76,-1,,,"",,,,,
17878, St. Patricks DR ,St. Phillips DR,MD,Waldorf,20603,78,-1,,,"",,,,,
17980, Turkey Hill RD ,DOWER HILL FARM PL,MD,Waldorf,20603,80,-1,,,"",,,,,
17263, Fairgrounds Road RD ,Bolick Place PL,MD,Bel Alton,20611,83,-1,,,"",,,,,
17243, Bel Alton-Newtown Road RD ,Oriole Lane LANE,MD,Bel Alton,20611,84,-1,,,"",,,,,
17252, Crain Highway HWY ,Fairgrounds Road RD,MD,Bel Alton,20611,85,-1,,,"",,,,,
34176, NB CRAIN HWY SE,EB MATAPEAKE B,MD,Brandywine,20613,86,-1,,,"",,,,,
34151, CRAIN HY SW,CEDARVILLE,MD,Brandywine,20613,87,-1,,,"",,,,,
34180, WINDBROOK DR ,FLORAL,MD,Brandywine,20613,88,-1,,,"",,,,,
37286, WOODHAVEN DR ,PLACID HILL PL,MD,CALIFORNIA,20619,92,-1,,,"",,,,,
15841,N Three Notch RD ,Mt. Wolf RD,MD,Charlotte Hall,20622,93,-1,,,"",,,,,
16721, GRIDIRON RD ,NEALE SOUND DR,MD,Cobb Island,20625,94,-1,,,"",,,,,
12363, DANIELLES ,DANIELLES WAY / DOWELL RD,MD,DOWELL,20629,95,-1,,,"",,,,,
17239, Faulkner Road RD ,Bowling Road RD,MD,Faulkner,20632,96,-1,,,"",,,,,
36820, Flat Iron RD ,Green Rest DR,MD,Great Mills,20634,97,-1,,,"",,,,,
36892, 27130 SOUTH SANGATES ROAD ,RIDGE RD,MD,Hollywood,20636,99,-1,,,"",,,,,
15723, Gallant Green RD ,Bassford RD,MD,Hughesville,20637,101,-1,,,"",,,,,
17112, Foster ST ,Gallant Green RD,MD,Hughesville,20637,102,-1,,,"",,,,,
12310, PLUM POINT RD ,PLUM POINT,MD,HUNTINGTOWN,20639,103,-1,,,"",,,,,
12200, PONDS WOOD RD ,PONDS WOOD RD / SUNRISE DR,MD,HUNTINGTOWN,20639,104,-1,,,"",,,,,
12199, HUNTINGTOWN RD ,HUNTINGTOWN RD / SHAW DR,MD,HUNTINGTOWN,20639,105,-1,,,"",,,,,
12190, PLUM POINT RD ,PLUM POINT RD / COX RD,MD,HUNTINGTOWN,20639,106,-1,,,"",,,,,
12183, LOWERY RD ,LOWERY RD / BOWIE SHOP RD,MD,HUNTINGTOWN,20639,107,-1,,,"",,,,,
11581, BAYSIDE RD ,00,MD,HUNTINGTOWN,20639,108,-1,,,"",,,,,
12224, ARMIGER RD ,ARMIGER RD / CHRISTINES WAY,MD,HUNTINGTOWN,20639,109,-1,,,"",,,,,
12206, SMOKY RD ,SMOKY RD / MILL BRANCH RD,MD,HUNTINGTOWN,20639,111,-1,,,"",,,,,
15564, PORT TOBACCO RD ,POORHOUSE RD,MD,La Plata,20646,115,-1,,,"",,,,,
12386, WILLOW RD ,WILLOW RD / SPRUCE DR,MD,LUSBY,20657,118,-1,,,"",,,,,
12391,S SOLOMONS ISLAND RD ,GO HERE,MD,LUSBY,20657,119,-1,,,"",,,,,
12431, MAPLE ,MAPLE WAY / PINE BLVD,MD,LUSBY,20657,120,-1,,,"",,,,,
12385, WALNUT AVE ,WALNUT AVE / EVERGREEN DR,MD,LUSBY,20657,121,-1,,,"",,,,,
16966, MASON SPRINGS RD ,SMALLWOOD CHURCH RD,MD,PISGAH,20658,123,-1,,,"",,,,,
16944, POORHOUSE RD ,GRAYMAR LAN,MD,PISGAH,20658,126,-1,,,"",,,,,
12345, HOWARD DR ,HOWARD DR / ALEXANDER CT,MD,PORT REPUBLIC,20676,128,-1,,,"",,,,,
12378, ST LEONARD RD ,TREE CROSS ROAD,MD,PORT REPUBLIC,20676,129,-1,,,"",,,,,
11635,N SOLOMONS ISLAND RD ,ARMORY RD.,MD,PRINCE FREDERICK,20678,131,-1,,,"",,,,,
11754, STOAKLEY RD ,STOAKLEY RD / DOVE DR,MD,PRINCE FREDERICK,20678,132,-1,,,"",,,,,
11693,N SOLOMONS ISLAND RD ,RT 4 / HOSPITAL RD.,MD,PRINCE FREDERICK,20678,133,-1,,,"",,,,,
12395, BALL RD ,ON THE ROAD,MD,SAINT LEONARD,20685,137,-1,,,"",,,,,
12344, ROSS RD ,ROSS RD / BROOMES ISLAND RD,MD,SAINT LEONARD,20685,138,-1,,,"",,,,,
37148, BEECH DR ,SURF ST,MD,SOLOMONS,20688,140,-1,,,"",,,,,
12251, HARDESTY RD ,HARDESTY RD / DALRYMPLE RD,MD,SUNDERLAND,20689,141,-1,,,"",,,,,
16973, FIRETOWER RD ,FIELD OF DREAMS PL,MD,WELCOME,20693,142,-1,,,"",,,,,
17026, PORT TOBACCO RD ,AURELIA PL,MD,WELCOME,20693,143,-1,,,"",,,,,
33231, RESEARCH RD ,BEAVER DAM,MD,Beltsville,20705,147,-1,,,"",,,,,
33160, BATTERSEA DR ,POWDER MILL,MD,Beltsville,20705,148,-1,,,"",,,,,
34226, CAP BELT IL ,NB I95,MD,Beltsville,20705,150,-1,,,"",,,,,
34294, POWDER MILL RD ,RIGGS,MD,Beltsville,20705,152,-1,,,"",,,,,
33228, EB RITZ WAY ,NB BALTIMORE,MD,Beltsville,20705,153,-1,,,"",,,,,
32868, EB JOHN HANSON HWY ,CHURCH,MD,Lanham,20706,154,-1,,,"",,,,,
35080, WB LANHAM SEVERN RD ,CIPRIANO,MD,Lanham,20706,155,-1,,,"",,,,,
35122, PRINCESS GARDEN PKY ,WB NB CAP,MD,Lanham,20706,157,-1,,,"",,,,,
32849, SB CAP BELT IL ,EB ANNAPO,MD,Lanham,20706,158,-1,,,"",,,,,
35196, BOWIE RD ,NB LAUREL BOWIE,MD,Laurel,20707,160,-1,,,"",,,,,
31561, EB CHERRY LN ,NB BALTIMORE,MD,Laurel,20707,162,-1,,,"",,,,,
35194, MONTROSE AVE ,FOURTH,MD,Laurel,20707,163,-1,,,"",,,,,
31373, 46TH AV ,DECATUR,MD,Bladensburg,20710,166,-1,,,"",,,,,
42596, ED PROUT RD ,GREEN MEADOWS,MD,LOTHIAN,20711,167,-1,,,"",,,,,
11964, FIFTH ST ,FIFTH ST / CHESAPEAKE AVE,MD,NORTH BEACH,20714,169,-1,,,"",,,,,
32126, NB LAUREL BOWIE RD ,OLD CHAPEL,MD,Bowie,20715,171,-1,,,"",,,,,
32081, SPRINGFIELD RD ,BEAVER DAM,MD,Bowie,20715,173,-1,,,"",,,,,
34100, ANNAPOLIS RD ,NB CRAIN,MD,Bowie,20715,174,-1,,,"",,,,,
32070, LAUREL BOWIE RD ,POWDER MILL,MD,Bowie,20715,176,-1,,,"",,,,,
34444, CENTRAL AVE ,JENNINGS MILL,MD,Bowie,20716,178,-1,,,"",,,,,
34425, QUEENS CT ,PRINCE GEORGES BL,MD,Bowie,20716,179,-1,,,"",,,,,
31912, WB JOHN HANSON HWY ,LOTTSFOR,MD,Bowie,20716,180,-1,,,"",,,,,
32290, JOHN HANSON HY EB ,KENILWORTH,MD,Cheverly,20722,181,-1,,,"",,,,,
32307, NB KENILWORTH AVE ,FROLICH,MD,Cheverly,20722,182,-1,,,"",,,,,
32289, CREST AVE ,DEWEY,MD,Cheverly,20722,183,-1,,,"",,,,,
35313, 38TH AVE ,HAMILTON,MD,Brentwood,20722,184,-1,,,"",,,,,
43582, RIVER BDGE WAY ,FOREST BDGE CT,MD,MD.CITY,20724,186,-1,,,"",,,,,
42077, MONTPELIER DR ,CARLAND,MD,LAUREL,20724,187,-1,,,"",,,,,
42557, Brock Bridge RD ,Whiskey Bottom,MD,Laurel,20724,189,-1,,,"",,,,,
11538, 6TH ST ,00,MD,CHESAPEAKE BEACH,20732,191,-1,,,"",,,,,
32452, DEMMY WAY ,METRONOME TN,MD,Clinton,20735,194,-1,,,"",,,,,
11516,E CHESAPEAKE BEACH RD ,00,MD,OWINGS,20736,196,-1,,,"",,,,,
11947,W MT HARMONY RD ,W MT HARMONY RD / GRANTHAM DR,MD,OWINGS,20736,197,-1,,,"",,,,,
674, 7TH ST NW ,G ST NW,DC,WASHINGTON,20001,1,3,-77.02191,38.89845,"700 7th St NW, Washington, DC 20001",0101000020AD100000C554FA09674153C06B9C4D4700734340,110010058002005,11,001,11001005800
3801, 7TH ST NW ,G ST NW,DC,WASHINGTON,20001,2,3,-77.02191,38.89845,"700 7th St NW, Washington, DC 20001",0101000020AD100000C554FA09674153C06B9C4D4700734340,110010058002005,11,001,11001005800
2601, I ST NW ,4TH ST NW,DC,WASHINGTON,20001,3,3,-77.01617,38.90133,"398 I St NW, Washington, DC 20001",0101000020AD100000E942ACFE084153C098081B9E5E734340,110010047021006,11,001,11001004702
84, 7TH ST NW ,T ST NW,DC,WASHINGTON,20001,4,3,-77.02192,38.91557,"1900 7th St NW, Washington, DC 20001",0101000020AD1000004E0AF31E674153C010919A7631754340,110010044002017,11,001,11001004400
267, 11TH ST NE ,K ST NE,DC,WASHINGTON,20002,6,3,-77.02704,38.90252,"1000 11th St NW, Washington, DC 20001",0101000020AD100000DC2DC901BB4153C0D3F544D785734340,110010101001012,11,001,11001010100
2324, LINCOLN RD NE ,TODD PL NE,DC,WASHINGTON,20002,8,3,-77.00747,38.91628,"1924 Lincoln Rd NE, Washington, DC 20002",0101000020AD100000DE6C73637A4053C01B7920B248754340,110010087012009,11,001,11001008701
2159, 19TH ST NE ,H ST NE,DC,WASHINGTON,20002,9,3,-77.04346,38.89958,"799 19th St NW, Washington, DC 20002",0101000020AD1000006AA33A1DC84253C04CA60A4625734340,110010108002002,11,001,11001010800
931, 15TH ST NE ,MARYLAND AVE NE,DC,WASHINGTON,20002,10,3,-76.98363,38.90000,"798 15th St NE, Washington, DC 20002",0101000020AD100000B35F77BAF33E53C0C1BF081A33734340,110010084021000,11,001,11001008402
102, 4TH ST NE ,PENN ST NE,DC,WASHINGTON,20002,11,3,-76.99807,38.91061,"1398 4th St NE, Washington, DC 20002",0101000020AD10000080053065E03F53C0BD38F1D58E744340,110010088031026,11,001,11001008803
3628, 3RD ST SE ,E ST SE,DC,WASHINGTON,20003,12,3,-77.01519,38.89613,"499 3rd St NW, Washington, DC 20001",0101000020AD100000D956B3CEF84053C0A3FFE55AB4724340,110010059001025,11,001,11001005900
3472, 10TH ST SE ,NORTH CAROLINA AVE S,DC,WASHINGTON,20003,13,3,-76.99265,38.88480,"338 10th St SE, Washington, DC 20003",0101000020AD1000006DE2E47E873F53C04A44F81741714340,110010067003011,11,001,11001006700
1919, 8TH ST SE ,VIRGINIA AVE SE,DC,WASHINGTON,20003,14,3,-76.99497,38.87822,"1000 8th St SE, Washington, DC 20003",0101000020AD100000B2976DA7AD3F53C07669C36169704340,110010072002014,11,001,11001007200
3789, 9TH ST NW ,PENNSYLVANIA AVE NW,DC,WASHINGTON,20004,15,3,-76.99376,38.88369,"9th St SE, Washington, DC",0101000020AD10000093C2BCC7993F53C0B0E600C11C714340,110010069001008,11,001,11001006900
421, 3RD ST NW ,MADISON DR NW,DC,WASHINGTON,20004,16,3,-77.01520,38.89064,"100 3rd St NW, Washington, DC 20004",0101000020AD1000008DB96B09F94053C023D6E25300724340,110010062021019,11,001,11001006202
1697, PENNSYLVANIA AVE NW ,10TH ST NW,DC,WASHINGTON,20004,17,3,-77.02600,38.89444,"1000 Pennsylvania Ave NW, Washington, DC 20004",0101000020AD1000005BE84A04AA4153C03D0D18247D724340,110010062021023,11,001,11001006202
2177, 13TH ST NW ,NEW YORK AVE NW,DC,WASHINGTON,20005,18,3,-77.02963,38.90022,"800 13th St NW, Washington, DC 20005",0101000020AD10000061360186E54153C000AB23473A734340,110010101001020,11,001,11001010100
3052, I ST NW ,VERMONT AVE NW,DC,WASHINGTON,20005,19,3,-77.03459,38.90134,"1520 I St NW, Washington, DC 20005",0101000020AD100000EAEA8EC5364253C08E5A61FA5E734340,110010101001016,11,001,11001010100
486, 17TH ST NW ,PENNSYLVANIA AVE NW,DC,WASHINGTON,20006,20,3,-77.03946,38.89881,"724 17th St NW, Washington, DC 20006",0101000020AD10000002603C83864253C01D1CEC4D0C734340,110010062021036,11,001,11001006202
2716, FLORIDA AVE NW ,MASSACHUSETTS AVE NW,DC,WASHINGTON,20008,21,3,-77.04879,38.91150,"2198 Florida Ave NW, Washington, DC 20008",0101000020AD100000CB9717601F4353C0BAA29410AC744340,110010041003022,11,001,11001004100
817, VAN NESS ST NW ,CONNECTICUT AVE NW,DC,WASHINGTON,20008,22,3,-77.06292,38.94315,"3098 Van Ness St NW, Washington, DC 20008",0101000020AD100000D34ECDE5064453C0B78B3045B9784340,110010012004010,11,001,11001001200
1135, 36TH ST NW ,ALBEMARLE ST NW,DC,WASHINGTON,20008,23,3,-77.06984,38.94790,"4500 36th St NW, Washington, DC 20008",0101000020AD10000099F4F752784453C0FE7C5BB054794340,110010012002008,11,001,11001001200
3236, 18TH ST NW ,FLORIDA AVE NW,DC,WASHINGTON,20009,24,3,-77.04166,38.91678,"1938 18th St NW, Washington, DC 20009",0101000020AD100000A96BED7DAA4253C03DD00A0C59754340,110010040022003,11,001,11001004002
977, FLORIDA AVE NW ,21ST ST NW,DC,WASHINGTON,20009,25,3,-77.04657,38.91403,"2100 Florida Ave NW, Washington, DC 20008",0101000020AD10000002B68311FB4253C00BC85EEFFE744340,110010055001001,11,001,11001005500
1932, 14TH ST NW ,T ST NW,DC,WASHINGTON,20009,26,3,-77.03196,38.91557,"1901 14th St NW, Washington, DC 20009",0101000020AD1000004DBA2D910B4253C0CFA10C5531754340,110010043002000,11,001,11001004300
3674, 2ND ST NW ,PEABODY ST NW,DC,WASHINGTON,20011,27,3,-77.01365,38.96270,"6000 2nd St NW, Washington, DC 20011",0101000020AD10000010ACAA97DF4053C0CA694FC9397B4340,110010019021009,11,001,11001001902
2691, GEORGIA AVE NW ,TAYLOR ST NW,DC,WASHINGTON,20011,28,3,-77.02524,38.94081,"4100 Georgia Ave NW, Washington, DC 20011",0101000020AD10000044A33B889D4153C0C85BAE7E6C784340,110010025021003,11,001,11001002502
1768, 5TH ST NW ,SOMERSET PL NW,DC,WASHINGTON,20011,29,3,-77.01990,38.96671,"6312 5th St NW, Washington, DC 20011",0101000020AD1000008F54DFF9454153C07BD7A02FBD7B4340,110010019013008,11,001,11001001901
2155, GEORGIA AVE NW ,DECATUR ST NW,DC,WASHINGTON,20011,30,3,-77.02693,38.94826,"4800 Georgia Ave NW, Washington, DC 20011",0101000020AD100000B98B3045B94153C02E1EDE7360794340,110010022012006,11,001,11001002201
1844, MISSOURI AVE NW ,GEORGIA AVE NW,DC,WASHINGTON,20011,31,3,-77.02803,38.96101,"998 Missouri Ave NW, Washington, DC 20011",0101000020AD1000008C118942CB4153C0C37FBA81027B4340,110010021011005,11,001,11001002101
290, NEW HAMPSHIRE AVE NE ,NORTH CAPITOL ST,DC,WASHINGTON,20011,32,3,-77.00901,38.95694,"5500 New Hampshire Ave NE, Washington, DC 20011",0101000020AD100000EFDDE68D934053C06C91B41B7D7A4340,110010021022000,11,001,11001002102
989, 4TH ST NW ,DECATUR ST NW,DC,WASHINGTON,20011,33,3,-77.01743,38.94854,"4800 4th St NW, Washington, DC 20011",0101000020AD100000D9791B9B1D4153C0E20511A969794340,110010022022000,11,001,11001002202
2115, KALMIA RD NW ,14TH ST NW,DC,WASHINGTON,20012,34,3,-77.03341,38.98509,"1400 Kalmia Rd NW, Washington, DC 20012",0101000020AD100000E814E467234253C08FC6A17E177E4340,110010016001018,11,001,11001001600
1362, VAN BUREN ST NW ,SANDY SPRING RD NW,DC,WASHINGTON,20012,35,3,-77.01393,38.96998,"216 Van Buren St NW, Washington, DC 20012",0101000020AD1000008A170B43E44053C0E45E6056287C4340,110010017022011,11,001,11001001702
2248, 16TH ST NW ,JONQUIL ST NW,DC,WASHINGTON,20012,36,3,-77.03634,38.98416,"7730 16th St NW, Washington, DC 20012",0101000020AD10000058E20165534253C0F29881CAF87D4340,110010016001019,11,001,11001001600
622, 39TH ST NW ,GARRISON ST NW,DC,WASHINGTON,20016,37,3,-77.07714,38.95550,"5050 39th St NW, Washington, DC 20016",0101000020AD100000494563EDEF4453C09CA1B8E34D7A4340,110010011004005,11,001,11001001100
2878, WISCONSIN AVE NW ,ALBEMARLE ST NW,DC,WASHINGTON,20016,38,3,-77.07967,38.94791,"4500 Wisconsin Ave NW, Washington, DC 20016",0101000020AD100000DA15FA60194553C0C24A051555794340,110010011004022,11,001,11001001100
793, BRANDYWINE ST NW ,WISCONSIN AVE NW,DC,WASHINGTON,20016,39,3,-77.08040,38.94969,"4101 Brandywine St NW, Washington, DC 20016",0101000020AD10000063E8D841254553C0394030478F794340,110010011004019,11,001,11001001100
553, 39TH ST NW ,MACOMB ST NW,DC,WASHINGTON,20016,40,3,-77.07705,38.93349,"3300 39th St NW, Washington, DC 20016",0101000020AD100000380EBC5AEE4453C0AD9AE7887C774340,110010010023006,11,001,11001001002
2949, MICHIGAN AVE NE ,TAYLOR ST NE,DC,WASHINGTON,20017,41,3,-76.98800,38.94072,"1314 Michigan Ave NE, Washington, DC 20017",0101000020AD100000C45E28603B3F53C05950189469784340,110010095033010,11,001,11001009503
627, 13TH ST NE ,PERRY ST NE,DC,WASHINGTON,20017,42,3,-76.98868,38.93617,"3800 13th St NE, Washington, DC 20017",0101000020AD1000007CCF4884463F53C028B7ED7BD4774340,110010095041019,11,001,11001009504
631, 7TH ST NE ,TAYLOR ST NE,DC,WASHINGTON,20017,43,3,-76.99573,38.94073,"4098 7th St NE, Washington, DC 20017",0101000020AD10000071AB2006BA3F53C00BB3D0CE69784340,110010095042003,11,001,11001009504
2884, 10TH ST NE ,RHODE ISLAND AVE NE,DC,WASHINGTON,20018,44,3,-76.99242,38.92249,"2500 10th St NE, Washington, DC 20018",0101000020AD100000A5BF97C2833F53C079060DFD13764340,110010093021014,11,001,11001009302
2104, MONTANA AVE NE ,DOWNING ST NE,DC,WASHINGTON,20018,45,3,-76.98306,38.92269,"1498 Montana Ave NE, Washington, DC 20018",0101000020AD100000D5CA845FEA3E53C0E0B88C9B1A764340,110010091023001,11,001,11001009102
2145, 18TH ST NE ,NEWTON ST NE,DC,WASHINGTON,20018,46,3,-76.97969,38.93409,"3600 18th St NE, Washington, DC 20018",0101000020AD100000B0C7444AB33E53C01536035C90774340,110010094002006,11,001,11001009400
1733, 50TH ST NE ,BROOKS ST NE,DC,WASHINGTON,20019,47,3,-76.93005,38.89223,"200 50th St NE, Washington, DC 20019",0101000020AD10000044696FF0853B53C07AC5538F34724340,110010078042008,11,001,11001007804
1587, 36TH ST NE ,BENNING RD NE,DC,WASHINGTON,20019,48,3,-76.95482,38.89606,"598 36th St NE, Washington, DC 20019",0101000020AD1000005DA626C11B3D53C0AB24B20FB2724340,110010096042003,11,001,11001009604
1107, 51ST ST NE ,CLOUD PL NE,DC,WASHINGTON,20019,49,3,-76.92800,38.89468,"364 51st St NE, Washington, DC 20019",0101000020AD100000C0E5B166643B53C092205C0185724340,110010078042010,11,001,11001007804
2320, 37TH PL SE ,ELY PL SE,DC,WASHINGTON,20019,50,5,-76.95145,38.88337,"498 37th St SE, Washington, DC 20019",0101000020AD1000003D7AC37DE43C53C09C2ADF3312714340,110010077033001,11,001,11001007703
2147, 60TH ST NE ,CLAY ST NE,DC,WASHINGTON,20019,52,3,-76.91504,38.89289,"300 60th St NE, Washington, DC 20019",0101000020AD100000516859F78F3A53C0B665C0594A724340,110010078082012,11,001,11001007808
2851, SOUTHERN AVE SE ,51ST ST SE,DC,WASHINGTON,20019,53,0,-76.92993,38.87686,"5098 Southern Ave, Washington, DC 20019",0101000020AD1000003FE08101843B53C0041A6CEA3C704340,240338026001011,24,033,24033802600
652, PENNSYLVANIA AVE SE ,TEXAS AVE SE,DC,WASHINGTON,20020,54,3,-76.95611,38.86754,"3398 Pennsylvania Ave SE, Washington, DC 20020",0101000020AD1000003A58FFE7303D53C0A6EB89AE0B6F4340,110010076042002,11,001,11001007604
3450, MINNESOTA AVE SE ,NICHOLSON ST SE,DC,WASHINGTON,20020,55,3,-76.97223,38.87272,"2398 Minnesota Ave SE, Washington, DC 20020",0101000020AD1000005A10CAFB383E53C0B5503239B56F4340,110010076011005,11,001,11001007601
387, NAYLOR RD SE ,GOOD HOPE RD SE,DC,WASHINGTON,20020,56,3,-76.96815,38.86022,"Naylor Rd SE, Washington, DC",0101000020AD1000001DAED51EF63D53C01BB7989F1B6E4340,110010076042018,11,001,11001007604
356, 9TH ST SE ,SOUTHERN AVE SE,DC,WASHINGTON,20032,58,3,-76.98898,38.83082,"4398 9th St SE, Washington, DC 20032",0101000020AD100000C1DF2F664B3F53C06D6E4C4F586A4340,110010097002000,11,001,11001009700
20, 4TH ST SE ,MISSISSIPPI AVE SE,DC,WASHINGTON,20032,59,3,-77.00106,38.83613,"3750 4th St SE, Washington, DC 20032",0101000020AD100000BB5D2F4D114053C0FD153257066B4340,110010098033000,11,001,11001009803
1411, ELMIRA ST SW ,MARTIN LUTHER KING J,DC,WASHINGTON,20032,61,4,-77.01259,38.82605,"200 Elmira St SW, Washington, DC 20032",0101000020AD100000CC988235CE4053C0FFE9060ABC694340,110010098072001,11,001,11001009807
1931, 17TH ST NW ,P ST NW,DC,WASHINGTON,20036,63,3,-77.03849,38.90964,"1500 17th St NW, Washington, DC 20036",0101000020AD1000005D10919A764253C05680EF366F744340,110010053013001,11,001,11001005301
3623, 21ST ST NW ,O ST NW,DC,WASHINGTON,20036,64,3,-77.04664,38.90857,"1400 21st St NW, Washington, DC 20036",0101000020AD1000002572C119FC4253C09718CBF44B744340,110010055004000,11,001,11001005500
1243, 23RD ST NW ,M ST NW,DC,WASHINGTON,20037,65,3,-77.05011,38.90526,"1198 23rd St NW, Washington, DC 20037",0101000020AD1000000E0F61FC344353C0B0A371A8DF734340,110010055003004,11,001,11001005500
3786, H ST NW ,23RD ST NW,DC,WASHINGTON,20037,66,3,-77.05013,38.89957,"2300 H St NW, Washington, DC 20037",0101000020AD1000000261A758354353C07C2AA73D25734340,110010108003001,11,001,11001010800
3187, 14TH ST SW ,INDEPENDENCE AVE SW,DC,WASHINGTON,20250,67,3,-77.03199,38.88758,"14th St SW, Washington, DC",0101000020AD10000083FB010F0C4253C0564277499C714340,110010062021186,11,001,11001006202
16113, Western PKY ,Berry RD,MD,Waldorf,20602,71,0,-76.91747,38.62972,"Western Pkwy, Waldorf, MD",0101000020AD100000A27DACE0B73A53C0BD55D7A19A504340,240178507091047,24,017,24017850709
16092, Lyles PL ,Middletown RD,MD,Waldorf,20602,72,0,-76.96478,38.63339,"10198 Lyles Pl, Waldorf, MD 20603",0101000020AD10000057B3CEF8BE3D53C026C632FD12514340,240178507101010,24,017,24017850710
16488, CRAIN HWY ,BILLINGSLEY RD,MD,Waldorf,20602,73,0,-76.93793,38.59705,"Hwy Crain, Waldorf, MD",0101000020AD100000E4B9BE0F073C53C0D40968226C4C4340,240178509022023,24,017,24017850902
16139, Lyles PL ,Middletown RD,MD,Waldorf,20602,74,0,-76.96478,38.63339,"10198 Lyles Pl, Waldorf, MD 20603",0101000020AD10000057B3CEF8BE3D53C026C632FD12514340,240178507101010,24,017,24017850710
16430, LISA DR ,PINEWOOD DR,MD,Waldorf,20602,77,0,-76.86771,38.64599,"2598 Lisa Dr, Waldorf, MD 20601",0101000020AD100000909E2287883753C0705AF0A2AF524340,240178508012008,24,017,24017850801
17880, Hampshire CIR ,Harbor Seal CT,MD,Waldorf,20603,79,0,-76.96107,38.62525,"Hampshire Cir, Waldorf, MD",0101000020AD100000C20C8D27823D53C048658A3908504340,240178507102004,24,017,24017850710
17822, Middletown RD ,Rocky Road PL,MD,Waldorf,20603,81,0,-76.95934,38.63958,"2608 Middletown Rd, Waldorf, MD 20603",0101000020AD10000078EBFCDB653D53C07C96E7C1DD514340,240178507101000,24,017,24017850710
32403, ACCOLAWN RD ,ACCOKEEK,MD,Accokeek,20607,82,0,-77.03490,38.66546,"16598 Accolawn Rd, Accokeek, MD 20607",0101000020AD1000006FEA03C93B4253C0E86514CB2D554340,240338013021051,24,033,24033801302
34166, MISSOURI AVE ,BRANDYWINE,MD,Brandywine,20613,89,0,-76.85230,38.69725,"13998 Missouri Ave, Brandywine, MD 20613",0101000020AD100000BDA085048C3653C00889B48D3F594340,240338010032066,24,033,24033801003
33863, BEVARD RD ,CEDARVILLE,MD,Baden,20613,90,10,-76.80731,38.66250,"17300 Bevard Rd, Cedarville, MD 20613",0101000020AD1000006D3997E2AA3353C0BB61DBA2CC544340,240338010032050,24,033,24033801003
17646, Bucknell Road ,Blackfoot Street,MD,Bryans Road,20616,91,0,-77.07831,38.63090,"6654 Bucknell Rd, Bryans Road, MD 20616",0101000020AD100000F8C08EFF024553C0DE1AD82AC1504340,240178501011025,24,017,24017850101
36930, THREE NOTCH RD ,AIRPORT RD,MD,Hollywood,20636,98,-1,-76.53501,38.31266,"Three Notch Rd, MD",0101000020AD100000EBBDF8A23D2253C07951BB5F05284340,240378756001001,24,037,24037875600
15875, Burnt Store RD ,Cracklingtown RD,MD,Hughesville,20637,100,0,-76.81668,38.53084,"14200 Burnt Store Rd, Hughesville, MD 20637",0101000020AD100000A6CAF78C443453C03C49BA66F2434340,240178513022021,24,017,24017851302
11793,N SOLOMONS ISLAND RD ,SOLOMONS ISLAND RD,MD,HUNTINGTOWN,20639,110,0,-76.61260,38.61434,"Solomons Island Rd, Huntingtown, MD",0101000020AD100000E561A1D6342753C05258A9A0A24E4340,240098606003004,24,009,24009860600
12177, OLD TOWN RD ,OLD TOWN RD,MD,HUNTINGTOWN,20639,112,8,-76.61012,38.62407,"4298 Old Town Rd, Huntingtown, MD 20639",0101000020AD1000004CA088450C2753C0B52C5F97E14F4340,240098606003000,24,009,24009860600
12222, LOWER MARLBORO RD ,MILL BRANCH ROAD,MD,HUNTINGTOWN,20639,113,-1,-76.64429,38.65848,"1977 Lower Marlboro Rd, MD 20639",0101000020AD10000051D158FB3B2953C068FCC22B49544340,240098606001022,24,009,24009860600
16831, SMALLWOOD CHURCH RD. ,MARVIN DR.,MD,INDIAN HEAD,20640,114,-1,-77.17139,38.52323,"Smallwood Church Rd, MD",0101000020AD100000C22E8A1EF84A53C0FD2C9622F9424340,240178503002018,24,017,24017850300
15534, HAWTHORNE RD ,SLEEPY HOLLOW RD,MD,La Plata,20646,116,-1,-77.00959,38.54101,"Hawthorne Rd, MD",0101000020AD1000004F51F52B9D4053C05BE333D93F454340,240178510012009,24,017,24017851001
36071, POINT LOOKOUT RD ,NEWTOWNE NECK RD,MD,LEONARDTOWN,20650,117,0,-76.65847,38.30539,"26099 Point Lookout Rd, Leonardtown, MD 20650",0101000020AD100000E123624A242A53C0B2B6291E17274340,240378754003091,24,037,24037875400
11876, COVE POINT RD ,COVE POINT RD,MD,LUSBY,20657,122,0,-76.42352,38.38532,"597 Cove Point Rd, Lusby, MD 20657",0101000020AD100000EC4CA1F31A1B53C0E2CB441152314340,240098610011069,24,009,24009861001
16976, POORHOUSE RD ,BURCH RD,MD,PISGAH,20658,124,-1,-77.06230,38.51311,"Poorhouse Rd, MD",0101000020AD100000FCAA5CA8FC4353C00035B56CAD414340,240178506002035,24,017,24017850600
16875, BICKNELL RD. ,SWEETMAN RD.,MD,MARBURY,20658,125,-1,-77.15846,38.55116,"5301 Bicknell Rd, MD 20658",0101000020AD100000B876A224244A53C011FB04508C464340,240178503001048,24,017,24017850300
36176, Asher RD ,Cox DR,MD,Mechanicsville,20659,127,-1,-76.77793,38.40458,"37551 Asher Rd, MD 20659",0101000020AD100000AA5E7EA7C93153C05DDBDB2DC9334340,240378752023016,24,037,24037875202
16946, PORT TOBACCO RD ,MILL SWAMP RD,MD,PORT TOBACCO,20677,130,-1,-77.08381,38.48306,"Port Tobacco Rd, MD",0101000020AD100000C9C0012D5D4553C08B7C5EF1D43D4340,240178505001017,24,017,24017850500
11747,S SOLOMONS ISLAND RD ,RT 4/GERMAN CHAPEL,MD,PRINCE FREDERICK,20678,135,19,-76.44549,38.37317,"Solomons Island Rd S, Lusby, MD",0101000020AD100000DB34B6D7821C53C0D6DB662AC42F4340,240098609002015,24,009,24009860900
11596,S SOLOMONS ISLAND RD ,S SOLOMONS ISLAND RD / OLD FIE,MD,PRINCE FREDERICK,20678,136,14,-76.55841,38.94676,"Solomons Island Rd, Edgewater, MD",0101000020AD1000000F3B53E8BC2353C0DC8310902F794340,240037011012013,24,003,24003701101
12405, CAPE LEONARD DR ,CAPE LEONARD DR / MACKALL RD,MD,SAINT LEONARD,20685,139,-1,-76.50055,38.40409,"Cape Leonard Dr, MD",0101000020AD100000BABE0F07092053C04241295AB9334340,240098608012075,24,009,24009860801
24410, DORSEY RUN RD -- ,DORSEY RUN RD,MD,Annapolis Junction,20701,144,17,-76.78661,39.14956,"Dorsey Run Rd, Jessup, MD",0101000020AD1000004F6F46CD573253C0E6E099D024934340,240276069012021,24,027,24027606901
33261, MONTGOMERY PL ,MONTGOMERY,MD,Beltsville,20705,145,11,-77.15482,39.08416,"W Montgomery Ave, Rockville, MD",0101000020AD100000887B2C7DE84953C040446ADAC58A4340,240317010052006,24,031,24031701005
33174, SELLMAN RD ,BALTIMORE,MD,Beltsville,20705,146,0,-76.90934,39.03356,"4798 Sellman Rd, Beltsville, MD 20705",0101000020AD100000EC866D8B323A53C0153AAFB14B844340,240338074042073,24,033,24033807404
33202, SUNNYSIDE AVE ,TUCKER,MD,Beltsville,20705,149,0,-76.91217,39.02342,"5298 Sunnyside Ave, Beltsville, MD 20705",0101000020AD100000EC14AB06613A53C04209336DFF824340,240338074042122,24,033,24033807404
33169, 45TH AV ,45TH,MD,Beltsville,20705,151,0,-76.92244,39.02971,"10400 45th Ave, Beltsville, MD 20705",0101000020AD100000255B5D4E093B53C05B3FFD67CD834340,240338074053020,24,033,24033807405
35003, AEROSPACE RD ,GREENBELT,MD,Lanham,20706,156,8,-76.83244,38.99105,"9900 Aerospace Rd, Glenn Dale, MD 20706",0101000020AD10000076F86BB2463553C0A0EE0390DA7E4340,240338004111082,24,033,24033800411
35115, 97TH AVE ,MAZZONI,MD,Lanham,20706,159,8,-76.84562,38.98217,"7004 97th Ave, Seabrook, MD 20706",0101000020AD100000E4F38AA71E3653C0EF1AF4A5B77D4340,240338004121029,24,033,24033800412
31552, SANDY SPRING RD ,SWEITZER,MD,Laurel,20707,161,6,-76.89954,39.09895,"6198 Sandy Spring Rd, West Laurel, MD 20707",0101000020AD100000C66471FF913953C078E75086AA8C4340,240338002032024,24,033,24033800203
31356, KENILWORTH AVE ,ANNAPOLIS,MD,Bladensburg,20710,164,0,-76.93718,38.93932,"Kenilworth Ave, Bladensburg, MD",0101000020AD100000DFDFA0BDFA3B53C0D5C9198A3B784340,240338040022026,24,033,24033804002
31466, 48TH ST ,QUINCY,MD,Bladensburg,20710,165,0,-76.93590,38.93741,"3898 48th St, Bladensburg, MD 20710",0101000020AD1000009C4EB2D5E53B53C0AE0D15E3FC774340,240338040022072,24,033,24033804002
42499, Sands RD ,Rt 408,MD,Lothian,20711,168,-1,-76.69341,38.81208,"5401 Sands Rd, MD 20711",0101000020AD10000050F4C0C7602C53C0B96A9E23F2674340,240037080043003,24,003,24003708004
34082, GRENVILLE LN ,ANNAPOLIS,MD,Bowie,20715,170,0,-76.76777,38.97241,"Grenville Ln, Bowie, MD",0101000020AD10000034B22B2D233153C0C2BB5CC4777C4340,240338004093035,24,033,24033800409
34109, OLD CHAPEL RD ,CHALFORD,MD,Bowie,20715,172,4,-76.75018,38.98889,"14699 Old Chapel Rd, Bowie, MD 20715",0101000020AD100000B7D100DE023053C0B4AB90F2937E4340,240338004032012,24,033,24033800403
32116, RACE TRACK RD ,JERICHO,MD,Bowie,20715,175,-1,-76.75361,39.01268,"9008 Race Track Rd, MD 20715",0101000020AD100000884677103B3053C0D8B8FE5D9F814340,240338004102012,24,033,24033800410
34454, MITCHELLVILLE RD ,PILLER,MD,Bowie,20716,177,0,-76.73044,38.91948,"2013 Mitchellville Rd, Bowie, MD 20716",0101000020AD1000002DEC6987BF2E53C0FD98D6A6B1754340,240338005111014,24,033,24033800511
24481, KNIGHTS BRIDGE RD -- ,HORSHAM DR,MD,Laurel,20723,185,7,-76.83675,39.13168,"Knights Bridge Rd, North Laurel, MD",0101000020AD100000DB85E63A8D3553C0363811FDDA904340,240276069053091,24,027,24027606905
41960, RT 295 N,RT 198,MD,MARYLAND CITY,20724,188,12,-76.80214,39.09684,"State Hwy 295, Maryland City, MD",0101000020AD10000086FE092E563353C0B9F42F49658C4340,240037405002038,24,003,24003740500
12160,E CHESAPEAKE BEACH RD ,EAST 260,MD,CHESAPEAKE BEACH,20732,190,0,-76.54974,38.69880,"Chesapeake Beach Rd, Chesapeake Beach, MD",0101000020AD100000DC9DB5DB2E2353C090300C5872594340,240098604013021,24,009,24009860401
12046, 28TH ST ,28TH ST,MD,CHESAPEAKE BEACH,20732,192,0,-76.53647,38.69683,"3799 28th St, Chesapeake Beach, MD 20732",0101000020AD1000008718AF79552253C0C3F352B131594340,240098604013058,24,009,24009860401
32462, WOODYARD RD ,GREEN,MD,Clinton,20735,193,0,-76.85855,38.77888,"8100 Woodyard Rd, Clinton, MD 20735",0101000020AD1000003C49BA66F23653C087342A70B2634340,240338012151011,24,033,24033801215
12007,W CHESAPEAKE BEACH RD ,W CHESAPEAKE BEACH RD,MD,OWINGS,20736,195,0,-76.58531,38.70439,"1099 Chesapeake Beach Rd, Owings, MD 20736",0101000020AD1000009485AFAF752553C0624CFA7B295A4340,240098603001037,24,009,24009860300
12011,E CHESAPEAKE BEACH RD ,ROUTE 260 / ROUTE 2,MD,OWINGS,20736,198,0,-76.58531,38.70439,"1099 Chesapeake Beach Rd, Owings, MD 20736",0101000020AD1000009485AFAF752553C0624CFA7B295A4340,240098603001037,24,009,24009860300
11931, LOWER MARLBORO RD ,LOWER MARLBORO RD / BRISCOE TU,MD,OWINGS,20736,199,-1,-76.67803,38.65514,"3733 Lower Marlboro Rd, MD 20736",0101000020AD100000542FBFD3642B53C066A208A9DB534340,240098602001045,24,009,24009860200
31735, QUINTANA ST ,58TH,MD,Riverdale Hgts,20737,200,11,-76.91739,38.96156,"5798 Quintana St, East Riverdale, MD 20737",0101000020AD1000008B6F287CB63A53C09505137F147B4340,240338066022010,24,033,24033806602
